Fecha;Santander;BBVA;CaixaBank;Sabadell;Unicaja;Bankinter
2022-01-03 00:00:00;2,562268972;4,118002415;1,844926953;0,482487917;0,714834392;3,696232557
2022-01-04 00:00:00;2,63347888;4,222126007;1,887013912;0,497333705;0,738689125;3,774806976
2022-01-05 00:00:00;2,637820959;4,211949348;1,880126595;0,500399649;0,745158255;3,793437004
2022-01-06 00:00:00;2,679505587;4,273015499;1,960473895;0,515890896;0,767395735;3,898743391
2022-01-07 00:00:00;2,702952623;4,374007225;2,012508631;0,531220734;0,769821703;3,924664497
2022-01-10 00:00:00;2,705557823;4,366178513;2,059951544;0,534125388;0,762139618;3,886592627
2022-01-11 00:00:00;2,708597422;4,380270481;2,104333878;0,533479869;0,760522366;3,910084724
2022-01-12 00:00:00;2,703821421;4,460908413;2,134942532;0,530736685;0,766587138;4,033210754
2022-01-13 00:00:00;2,715544939;4,508664608;2,160194397;0,534932196;0,754457533;4,076144218
2022-01-14 00:00:00;2,749847412;4,514144421;2,186211824;0,533479869;0,759309351;4,044551373
2022-01-17 00:00:00;2,741163015;4,525888443;2,226768017;0,557523668;0,768608689;4,189549923
2022-01-18 00:00:00;2,726834297;4,525888443;2,164785862;0,557685018;0,766587138;4,225191593
2022-01-19 00:00:00;2,722058058;4,456210613;2,124994278;0,529445648;0,742732346;4,150667667
2022-01-20 00:00:00;2,718584299;4,464822292;2,11504674;0,52347517;0,743541002;4,106924534
2022-01-21 00:00:00;2,67689991;4,404540062;2,121168852;0,517665923;0,730602801;4,194409847
2022-01-24 00:00:00;2,555755377;4,251876831;2,056890488;0,494590431;0,708769619;4,084243298
2022-01-25 00:00:00;2,62566328;4,302763939;2,104333878;0,512179434;0,708769619;4,176589012
2022-01-26 00:00:00;2,722926378;4,401408672;2,137238026;0,527186632;0,730198503;4,291614532
2022-01-27 00:00:00;2,780241966;4,449164867;2,195394039;0,539611816;0,745562553;4,345077515
2022-01-28 00:00:00;2,732478857;4,418631554;2,203811884;0,549616754;0,755670488;4,273793221
2022-01-31 00:00:00;2,687321424;4,410803318;2,177794218;0,554619074;0,736667573;4,20413065
2022-02-01 00:00:00;2,748544693;4,503183842;2,223706961;0,587860584;0,754457533;4,312675476
2022-02-02 00:00:00;2,757662773;4,55250597;2,221411705;0,59463799;0,763756871;4,294855118
2022-02-03 00:00:00;2,864912987;4,458559513;2,343080044;0,630138874;0,788015962;4,430943012
2022-02-04 00:00:00;2,825834036;4,45151329;2,4578619;0,674837589;0,824000359;4,557309151
2022-02-07 00:00:00;2,860570669;4,501618385;2,465513945;0,685487926;0,845024765;4,592952251
2022-02-08 00:00:00;2,927438974;4,607308865;2,563461542;0,736641169;0,862814903;4,748479843
2022-02-09 00:00:00;2,981280565;4,709084511;2,586417913;0,752777994;0,849067986;4,852165699
2022-02-10 00:00:00;3,023399115;4,741183281;2,59942627;0,757296264;0,857154369;4,900768757
2022-02-11 00:00:00;3,023399115;4,671505451;2,591008902;0,761007667;0,853919804;4,844065189
2022-02-14 00:00:00;2,9061625;4,48674345;2,518313646;0,730186522;0,827234864;4,729038715
2022-02-15 00:00:00;2,972596645;4,598696709;2,525200605;0,738416195;0,82804352;4,686916351
2022-02-16 00:00:00;2,934386492;4,553288937;2,51066184;0,728895664;0,832895219;4,695016861
2022-02-17 00:00:00;2,900517941;4,500053406;2,474696636;0,718406677;0,811062157;4,591331482
2022-02-18 00:00:00;2,884886503;4,471868515;2,476227045;0,729702473;0,802975714;4,563789368
2022-02-21 00:00:00;2,853189468;4,400625706;2,437966585;0,711467922;0,795293689;4,474685192
2022-02-22 00:00:00;2,84971571;4,417849541;2,434905291;0,698719978;0,789633274;4,42932272
2022-02-23 00:00:00;2,811504841;4,426460743;2,363740683;0,67451489;0,778716624;4,366139412
2022-02-24 00:00:00;2,595268488;4,148534775;2,231359243;0,62723428;0,703513503;4,145806789
2022-02-25 00:00:00;2,708163261;4,255007744;2,317063093;0,658216834;0,724942386;4,244632721
2022-02-28 00:00:00;2,591795206;4,141488552;2,249724388;0,625136435;0,678041458;4,127986908
2022-03-01 00:00:00;2,457190275;3,980213404;2,154837847;0,582051456;0,646100342;3,866341352
2022-03-02 00:00:00;2,541861057;4,061634541;2,196924686;0,590765238;0,654590964;3,884973049
2022-03-03 00:00:00;2,492361069;3,98491168;2,134942532;0,56623739;0,669146419;3,794248343
2022-03-04 00:00:00;2,360795498;3,757481098;2,021691084;0,515084088;0,624267101;3,569055319
2022-03-07 00:00:00;2,284809113;3,5116539;1,948230624;0,479260564;0,609307349;3,386795521
2022-03-08 00:00:00;2,342124701;3,598553896;2,025517225;0,489103943;0,636396706;3,492101192
2022-03-09 00:00:00;2,511900663;3,910536289;2,171672821;0,531543553;0,699065983;3,791007757
2022-03-10 00:00:00;2,477597952;3,907795906;2,199985504;0,55187577;0,695831358;3,912514448
2022-03-11 00:00:00;2,487150431;3,908970594;2,242837191;0,56139648;0,693405569;4,00728941
2022-03-14 00:00:00;2,566176653;3,996654749;2,313236952;0,58495611;0,714430034;4,087483406
2022-03-15 00:00:00;2,590492487;4,019358158;2,367567062;0,578501344;0,712812781;4,124746323
2022-03-16 00:00:00;2,741597176;4,205686569;2,484644413;0,616906703;0,760118008;4,338597298
2022-03-17 00:00:00;2,727268696;4,143054485;2,455566406;0,602222323;0,749605775;4,336977959
2022-03-18 00:00:00;2,709465742;4,133660316;2,439496756;0,595606327;0,745158255;4,280274868
2022-03-21 00:00:00;2,717281342;4,141488552;2,385932207;0,59431535;0,744349599;4,27541399
2022-03-22 00:00:00;2,762439251;4,200205803;2,432610035;0,617229462;0,762948215;4,453624725
2022-03-23 00:00:00;2,718584299;4,07024622;2,341549873;0,597058654;0,75081867;4,254353046
2022-03-24 00:00:00;2,660834312;4,008397579;2,310941219;0,596090376;0,745966911;4,197649956
2022-03-25 00:00:00;2,654755354;4,004483223;2,317063093;0,591249406;0,743945301;4,183068752
2022-03-28 00:00:00;2,67472887;4,035799026;2,314767361;0,604320109;0,739093423;4,181904316
2022-03-29 00:00:00;2,821057558;4,306679249;2,420366764;0,646759689;0,781951189;4,465395451
2022-03-30 00:00:00;2,729005098;4,219778061;2,405827522;0,637707055;0,7706303;4,432621479
2022-03-31 00:00:00;2,692097425;4,078857422;2,354558468;0,624966383;0,762543976;4,362157822
2022-04-01 00:00:00;2,762439251;4,141488552;2,428783894;0,629827917;0,747584164;4,412957668
2022-04-04 00:00:00;2,770255089;4,166540623;2,401236296;0,621278167;0,737071931;4,393293381
2022-04-05 00:00:00;2,726834297;4,110173702;2,411183834;0,613399208;0,73949784;4,401486874
2022-04-06 00:00:00;2,638255119;3,976306677;2,356853962;0,583894253;0,672157288;4,206483841
2022-04-07 00:00:00;2,639558315;3,967300177;2,408888578;0,596802652;0,701255023;4,308082581
2022-04-08 00:00:00;2,707728863;4,006190777;2,475461721;0,616584241;0,701670706;4,442453861
2022-04-11 00:00:00;2,742465973;4,06268549;2,434140444;0,618260741;0,693772793;4,353965282
2022-04-12 00:00:00;2,720754862;4,069235325;2,385166883;0,604011178;0,692525685;4,231063843
2022-04-13 00:00:00;2,712505579;4,055725574;2,402001381;0,614237368;0,703333497;4,242535114
2022-04-14 00:00:00;2,737689495;4,121636391;2,439965487;0,612728596;0,719545007;4,324468613
2022-04-19 00:00:00;2,745939255;4,160935879;2,435952425;0,620775342;0,733678281;4,329385281
2022-04-20 00:00:00;2,789360285;4,168305397;2,515411615;0,643742204;0,773999393;4,422789097
2022-04-21 00:00:00;2,804991722;4,218249321;2,513003826;0,671905875;0,78397572;4,589934826
2022-04-22 00:00:00;2,749413013;4,098710537;2,48009634;0,654303551;0,781481624;4,563716412
2022-04-25 00:00:00;2,652150631;3,938643456;2,42632103;0,63636595;0,775662065;4,591573238
2022-04-26 00:00:00;2,471953392;3,833841562;2,355690241;0,593449771;0,734509587;4,449007988
2022-04-27 00:00:00;2,445466518;3,844076395;2,378966331;0,597640872;0,698345304;4,532580853
2022-04-28 00:00:00;2,43440938;3,887470484;2,378966331;0,60468179;0,706658959;4,527664661
2022-04-29 00:00:00;2,49146533;4,142105103;2,478491068;0,623625219;0,749058425;4,614514828
2022-05-02 00:00:00;2,423793793;3,966889858;2,439965487;0,603173077;0,72453326;4,547329426
2022-05-03 00:00:00;2,496773243;4,007828712;2,536279917;0,621948779;0,74074477;4,604681969
2022-05-04 00:00:00;2,452101231;3,905483723;2,452807188;0,601328969;0,716219664;4,411317825
2022-05-05 00:00:00;2,379122019;3,758106709;2,413478851;0,5790326;0,706243217;4,349049091
2022-05-06 00:00:00;2,344622612;3,757288218;2,367729664;0,570315361;0,708321631;4,234341621
2022-05-09 00:00:00;2,2999506;3,749100208;2,355690241;0,570650637;0,695435524;4,22942543
2022-05-10 00:00:00;2,329584599;3,799044847;2,370137691;0,588252842;0,707074583;4,303166389
2022-05-11 00:00:00;2,382218122;3,887061596;2,371742725;0,603508353;0,711231411;4,417874336
2022-05-12 00:00:00;2,347276688;3,855129719;2,307533026;0,589761674;0,706658959;4,31627512
2022-05-13 00:00:00;2,413179159;3,970983982;2,318769693;0,59529382;0,716635287;4,365436077
2022-05-16 00:00:00;2,387967825;3,969347239;2,327598572;0,591605783;0,719545007;4,353965282
2022-05-17 00:00:00;2,457408428;4,012331009;2,447991371;0,616751969;0,753215253;4,509639263
2022-05-18 00:00:00;2,423793793;3,974259138;2,472070217;0,610046268;0,747811377;4,53913641
2022-05-19 00:00:00;2,424236298;3,902617693;2,508188248;0,616584241;0,739082098;4,589934826
2022-05-20 00:00:00;2,427332401;3,887061596;2,504174948;0,613063872;0,748642802;4,558799744
2022-05-23 00:00:00;2,521099567;3,988177776;2,598081589;0,649777234;0,778571904;4,70955801
2022-05-24 00:00:00;2,559579611;3,966481447;2,636607409;0,663020849;0,771089613;4,776743412
2022-05-25 00:00:00;2,612213135;4,007828712;2,704829693;0,686993539;0,778987527;4,889812469
2022-05-26 00:00:00;2,671480894;4,099529743;2,7369349;0,713648617;0,783144355;4,909476757
2022-05-27 00:00:00;2,689172983;4,127367496;2,700014591;0,692693353;0,772752285;4,91111517
2022-05-30 00:00:00;2,722787619;4,214155674;2,731316805;0,705434084;0,781065881;4,889812469
2022-05-31 00:00:00;2,666615486;4,158480167;2,703224897;0,698225558;0,771920919;4,848845959
2022-06-01 00:00:00;2,640520096;4,100347996;2,724093199;0,692525685;0,776077747;4,8390131
2022-06-02 00:00:00;2,635654926;4,084383011;2,726500988;0,695878565;0,76610148;4,847207069
2022-06-03 00:00:00;2,621501207;4,059000969;2,712856531;0,689172864;0,766932786;4,794769287
2022-06-06 00:00:00;2,687403679;4,178949356;2,779473543;0,712810218;0,78979528;4,863592625
2022-06-07 00:00:00;2,652462244;4,125730038;2,770644665;0,713313282;0,778156221;4,888174057
2022-06-08 00:00:00;2,640520096;4,074967384;2,780276299;0,701243043;0,783144355;4,916030407
2022-06-09 00:00:00;2,570636988;3,883786917;2,782684326;0,708954573;0,778571904;4,961914539
2022-06-10 00:00:00;2,388410568;3,529263258;2,584436893;0,662685633;0,726195931;4,627624035
2022-06-13 00:00:00;2,309238911;3,401127338;2,54430604;0,636868894;0,700008035;4,430983543
2022-06-14 00:00:00;2,320296288;3,433877707;2,582029343;0,635192454;0,720376432;4,475227356
2022-06-15 00:00:00;2,380006313;3,489144087;2,622962713;0,650447786;0,733262539;4,512917042
2022-06-16 00:00:00;2,331353664;3,415865421;2,639817715;0,634521961;0,728274345;4,498167992
2022-06-17 00:00:00;2,38487196;3,498150587;2,735329628;0,67056483;0,752383828;4,725944519
2022-06-20 00:00:00;2,471562386;3,54482007;2,834051847;0,702416599;0,814736187;4,898006439
2022-06-21 00:00:00;2,474658489;3,527216673;2,877393484;0,719683647;0,819724321;5,007796764
2022-06-22 00:00:00;2,481292963;3,580026388;2,834854364;0,711469233;0,812657773;4,971746445
2022-06-23 00:00:00;2,402563572;3,473997116;2,699211597;0,677270353;0,772752285;4,725944519
2022-06-24 00:00:00;2,441485643;3,555872917;2,727303505;0,676096976;0,780234575;4,843929768
2022-06-27 00:00:00;2,450774193;3,61400485;2,738540173;0,658326924;0,781897366;4,830753803
2022-06-28 00:00:00;2,456966162;3,609910965;2,765829325;0,657321095;0,798524559;4,900452137
2022-06-29 00:00:00;2,420255423;3,534994841;2,777065992;0,65950048;0,793952107;4,981767178
2022-06-30 00:00:00;2,377794981;3,545639038;2,662291288;0,637539387;0,776077747;4,938620567
2022-07-01 00:00:00;2,374256372;3,531719685;2,659080744;0,637371838;0,752799571;4,912068844
2022-07-04 00:00:00;2,373372078;3,580845118;2,613331556;0,616919518;0,746564388;4,78096962
2022-07-05 00:00:00;2,271643162;3,451071978;2,467254639;0,583056033;0,709152997;4,551960945
2022-07-06 00:00:00;2,23404789;3,446568489;2,30432272;0,544163346;0,677976906;4,19517231
2022-07-07 00:00:00;2,313661575;3,571839571;2,423110247;0,567800701;0,692941427;4,347844124
2022-07-08 00:00:00;2,311450243;3,600085974;2,408663273;0,565956652;0,690863013;4,293081284
2022-07-11 00:00:00;2,26456666;3,508384943;2,372545242;0,554054141;0,69335711;4,231679916
2022-07-12 00:00:00;2,181857109;3,376155376;2,167877197;0,512814462;0,640149832;4,016777515
2022-07-13 00:00:00;2,16416502;3,37983942;2,171890259;0,512982011;0,641812623;4,015118599
2022-07-14 00:00:00;2,067744017;3,274629116;2,120522499;0,502588332;0,640981197;3,871572971
2022-07-15 00:00:00;2,127896547;3,35773325;2,174298286;0,517843544;0,657192767;3,939611673
2022-07-18 00:00:00;2,133646488;3,356914997;2,189547777;0,520861149;0,676729798;3,95122838
2022-07-19 00:00:00;2,222548485;3,488325119;2,347663879;0,553886533;0,706658959;4,128792763
2022-07-20 00:00:00;2,176991463;3,414227724;2,303519726;0,540475249;0,692525685;4,034203053
2022-07-21 00:00:00;2,170357227;3,439199924;2,350071907;0,554724634;0,70374912;4,259891987
2022-07-22 00:00:00;2,152222872;3,3962152;2,266599417;0,528069794;0,697513878;4,013459206
2022-07-25 00:00:00;2,172126293;3,436334372;2,337229967;0,547683775;0,731184065;4,150366783
2022-07-26 00:00:00;2,156203508;3,361826897;2,345256329;0,547516167;0,72453326;4,096432209
2022-07-27 00:00:00;2,201318264;3,406039953;2,395018816;0,563777268;0,754462361;4,091454983
2022-07-28 00:00:00;2,148684263;3,412590504;2,335624933;0,535445988;0,718298078;3,996863842
2022-07-29 00:00:00;2,158415318;3,616461277;2,350874424;0,523543417;0,702086449;3,986077309
2022-08-01 00:00:00;2,116838932;3,574295282;2,32358551;0,521028817;0,707074583;4,056604862
2022-08-02 00:00:00;2,109319687;3,61523366;2,408663273;0,542319298;0,730352759;4,095602989
2022-08-03 00:00:00;2,152665377;3,73231554;2,365321875;0,534607708;0,715803921;4,1138587
2022-08-04 00:00:00;2,175664663;3,774072409;2,346059084;0,530249059;0,711647093;4,121325493
2022-08-05 00:00:00;2,212375164;3,783488274;2,416689396;0,553215921;0,728690088;4,188534737
2022-08-08 00:00:00;2,259258986;3,804367065;2,438360453;0,556401074;0,741160512;4,22670269
2022-08-09 00:00:00;2,26102829;3,830157518;2,452807188;0,557406962;0,744485974;4,27482748
2022-08-10 00:00:00;2,312777042;3,855539322;2,421505213;0,55841279;0,741576254;4,216745377
2022-08-11 00:00:00;2,332238436;3,871914387;2,418294668;0,559753954;0,746980011;4,17691803
2022-08-12 00:00:00;2,358776093;3,911215305;2,443978548;0,568471253;0,758203506;4,210107327
2022-08-15 00:00:00;2,334007263;3,927589417;2,42230773;0,56277144;0,744485974;4,196831703
2022-08-16 00:00:00;2,352583647;3,976715565;2,463241339;0,571656406;0,75861913;4,241637707
2022-08-17 00:00:00;2,31896925;3,949696541;2,45200491;0,566627204;0,749058425;4,22006464
2022-08-18 00:00:00;2,318084478;3,977534533;2,43916297;0,564447939;0,753630996;4,18521595
2022-08-19 00:00:00;2,239798307;3,844076395;2,395018816;0,543492734;0,733262539;4,13709116
2022-08-22 00:00:00;2,208837271;3,726174831;2,359703302;0,539134026;0,714972556;4,059924126
2022-08-23 00:00:00;2,208837271;3,754421949;2,360506058;0,547013164;0,722454846;4,060753822
2022-08-24 00:00:00;2,188049316;3,720852852;2,365321875;0,543995559;0,722454846;4,049138069
2022-08-25 00:00:00;2,163280249;3,702021599;2,331611872;0,534943104;0,711647093;4,015948296
2022-08-26 00:00:00;2,129665613;3,645936489;2,311546326;0,540307462;0,702086449;4,005161762
2022-08-29 00:00:00;2,12878108;3,629970789;2,319572449;0,5498631;0,713309765;4,038351536
2022-08-30 00:00:00;2,165049791;3,673365116;2,361308813;0,567800701;0,713725507;4,17691803
2022-08-31 00:00:00;2,138069391;3,67745924;2,411071301;0,575847507;0,74531734;4,235000134
2022-09-01 00:00:00;2,105781794;3,631608248;2,375756025;0,561094999;0,710815787;4,144557953
2022-09-02 00:00:00;2,148242235;3,733953714;2,432741642;0,574506342;0,724117517;4,19517231
2022-09-05 00:00:00;2,118608475;3,659446478;2,417492151;0,56528604;0,707905948;4,153684616
2022-09-06 00:00:00;2,131877184;3,678277969;2,413478851;0,57467401;0,713309765;4,2034688
2022-09-07 00:00:00;2,109319687;3,676640511;2,427123547;0,568303645;0,71705097;4,190193176
2022-09-08 00:00:00;2,16770339;3,78676343;2,57881856;0,599987864;0,749058425;4,465667248
2022-09-09 00:00:00;2,242451906;3,972622156;2,671119928;0,624295712;0,778987527;4,638255119
2022-09-12 00:00:00;2,333564997;4,05777216;2,796328783;0,639886439;0,810579419;4,77267313
2022-09-13 00:00:00;2,277835608;4,001277924;2,740947962;0,618931293;0,795614839;4,706292629
2022-09-14 00:00:00;2,287123919;3,993909359;2,748974085;0,61926651;0,796446145;4,794245243
2022-09-15 00:00:00;2,367622137;4,083154202;2,907892942;0,649609566;0,839677036;5,004999638
2022-09-16 00:00:00;2,344622612;4,034437656;2,833249331;0,625133991;0,830116391;4,868921757
2022-09-19 00:00:00;2,335334301;4,022975445;2,843683481;0,633348346;0,838014364;4,90211153
2022-09-20 00:00:00;2,332680941;4,02092886;2,864551783;0,637036502;0,844665229;4,898792744
2022-09-21 00:00:00;2,283585548;4,037304401;2,823617935;0,634354293;0,843002558;4,882198334
2022-09-22 00:00:00;2,302161694;4,011922836;2,86294651;0,666038394;0,878751218;5,033211231
2022-09-23 00:00:00;2,233163357;3,895658255;2,789907932;0,658159316;0,866280794;4,955215454
2022-09-26 00:00:00;2,208394766;3,882148743;2,74977684;0,642233431;0,856304288;4,987537861
2022-09-27 00:00:00;2,150453568;3,800682306;2,706435442;0,600658357;0,806422591;4,824810028
2022-09-28 00:00:00;2,156645775;3,801909685;2,688777685;0,591438174;0,783560038;4,809711933
2022-09-29 00:00:00;2,106666088;3,727402925;2,64944911;0,577859163;0,763607264;4,7778368
2022-09-30 00:00:00;2,120819807;3,783079147;2,65747571;0,577020943;0,770258248;4,836552143
2022-10-03 00:00:00;2,180087805;3,833841562;2,650252104;0,588588178;0,776077747;4,888558865
2022-10-04 00:00:00;2,332238436;4,013559341;2,763421774;0,609375775;0,798108935;5,063029766
2022-10-05 00:00:00;2,278277874;3,9464221;2,745763779;0,594120383;0,78397572;4,940564632
2022-10-06 00:00:00;2,255720377;3,929636478;2,710448265;0,587414682;0,771505237;4,806355953
2022-10-07 00:00:00;2,234932423;3,879670858;2,722487688;0,599484861;0,778156221;4,841585636
2022-10-10 00:00:00;2,210163832;3,879670858;2,689580441;0,601831913;0,761944592;4,816421509
2022-10-11 00:00:00;2,174337864;3,843981743;2,673527956;0,599820137;0,747811377;4,839907646
2022-10-12 00:00:00;2,137627125;3,848600626;2,684764624;0,595796824;0,741160512;4,814742565
2022-10-13 00:00:00;2,208837271;3,964487076;2,710448265;0,61490792;0,756125033;4,908690453
2022-10-14 00:00:00;2,238470793;3,985900402;2,668712378;0,622116446;0,761113167;4,903657436
2022-10-17 00:00:00;2,270316601;4,079533577;2,726500988;0,629324973;0,771505237;4,970762253
2022-10-18 00:00:00;2,318526983;4,151332378;2,748171568;0,634354293;0,789379656;5,024445057
2022-10-19 00:00:00;2,330469131;4,169387341;2,732922077;0,630666137;0,78979528;5,054641724
2022-10-20 00:00:00;2,360545158;4,238246918;2,810775995;0,659332812;0,825128198;5,229113579
2022-10-21 00:00:00;2,351257324;4,198358536;2,809170723;0,661847413;0,810163677;5,170397758
2022-10-24 00:00:00;2,409640551;4,357492447;2,820407391;0,669391274;0,814320445;5,210659981
2022-10-25 00:00:00;2,422467232;4,391922474;2,832446814;0,665703118;0,803512812;5,197238922
2022-10-26 00:00:00;2,343295574;4,384364605;2,866959333;0,664194405;0,795199096;5,205627441
2022-10-27 00:00:00;2,322065353;4,415435314;2,841275454;0,648939013;0,764854312;5,158654213
2022-10-28 00:00:00;2,351257324;4,405358315;2,641422987;0,654806495;0,739082098;5,066385746
2022-10-31 00:00:00;2,371425867;4,374287605;2,691185474;0,666876674;0,744901657;5,130135059
2022-11-01 00:00:00;2,390871286;4,412916183;2,703224897;0,682132006;0,743654549;5,133489132
2022-11-02 00:00:00;2,370973825;4,438948631;2,706435442;0,678779185;0,74074477;5,116713524
2022-11-03 00:00:00;2,342484236;4,389402866;2,703224897;0,68263489;0,764854312;5,074774265
2022-11-04 00:00:00;2,413934231;4,454063892;2,610120773;0,671905875;0,764854312;4,851650715
2022-11-07 00:00:00;2,406246901;4,481776237;2,682356834;0,677102745;0,768179774;4,923788548
2022-11-08 00:00:00;2,392228127;4,467500687;2,637410402;0,681126177;0,781481624;4,839907646
2022-11-09 00:00:00;2,362833977;4,439788818;2,625370741;0,679449737;0,783560038;4,881848335
2022-11-10 00:00:00;2,309472084;4,45574379;2,557950735;0,664529681;0,783144355;4,781191349
2022-11-11 00:00:00;2,285957098;4,448186398;2,504174948;0,658326924;0,764854312;4,638595104
2022-11-14 00:00:00;2,326204538;4,508647919;2,540292978;0,660841525;0,782313049;4,697310925
2022-11-15 00:00:00;2,359216213;4,543918133;2,594068766;0,698393166;0,792704999;4,757705212
2022-11-16 00:00:00;2,329369783;4,502769947;2,633397102;0,701745927;0,792704999;4,806355953
2022-11-17 00:00:00;2,28776598;4,477577686;2,663896561;0,694202065;0,78979528;4,856684208
2022-11-18 00:00:00;2,356954813;4,574989319;2,726500988;0,701243043;0,798108935;5,076451302
2022-11-21 00:00:00;2,431570768;4,580867767;2,712856531;0,706942916;0,80766958;5,150266171
2022-11-22 00:00:00;2,511613369;4,634612083;2,821210146;0,727730393;0,823881149;5,304605484
2022-11-23 00:00:00;2,508900166;4,648887634;2,851709604;0,734435976;0,824712515;5,341513157
2022-11-24 00:00:00;2,519301176;4,685836315;2,850104332;0,725886405;0,821802735;5,284474373
2022-11-25 00:00:00;2,562713623;4,737061977;2,87016964;0,734603703;0,824712515;5,299573898
2022-11-28 00:00:00;2,534676552;4,652246475;2,838065147;0,731753826;0,819724321;5,240857124
2022-11-29 00:00:00;2,564522743;4,722786427;2,847696543;0,741812229;0,823465466;5,341513157
2022-11-30 00:00:00;2,578089237;4,71270895;2,858933449;0,745500326;0,823049843;5,27776432
2022-12-01 00:00:00;2,547338486;4,674080849;2,744158506;0,717336595;0,783560038;5,108325958
2022-12-02 00:00:00;2,543720484;4,71270895;2,745763779;0,721695304;0,783144355;5,168719769
2022-12-05 00:00:00;2,541007519;4,664002895;2,728909016;0,719515979;0,786054134;5,173752785
2022-12-06 00:00:00;2,542816162;4,654766083;2,717671871;0,721024752;0,778987527;5,024445057
2022-12-07 00:00:00;2,529701948;4,632932663;2,686369658;0,720689476;0,778571904;4,995925903
2022-12-08 00:00:00;2,507543325;4,628733635;2,659080744;0,717839599;0,776077747;4,915400982
2022-12-09 00:00:00;2,519752979;4,646368504;2,651857138;0,718174875;0,779818892;4,900302887
2022-12-12 00:00:00;2,508447886;4,609418869;2,648646593;0,712978005;0,770258248;4,890236378
2022-12-13 00:00:00;2,531058788;4,665682793;2,652659893;0,708619297;0,784807026;4,910367966
2022-12-14 00:00:00;2,500760317;4,649727821;2,704829693;0,715324938;0,797693253;4,952308178
2022-12-15 00:00:00;2,438806534;4,480936527;2,688777685;0,704595923;0,771920919;4,942243099
2022-12-16 00:00:00;2,46322608;4,533000946;2,84609127;0,738794684;0,783144355;5,148588181
2022-12-19 00:00:00;2,457347393;4,538039684;2,834854364;0,73577714;0,781065881;5,160332203
2022-12-20 00:00:00;2,543720484;4,66652298;2,901472092;0,75287652;0,823881149;5,28111887
2022-12-21 00:00:00;2,576280117;4,775690079;2,928761244;0,760420382;0,844665229;5,301250935
2022-12-22 00:00:00;2,541007519;4,737061977;2,926353216;0,756061673;0,84632796;5,319705486
2022-12-23 00:00:00;2,527893305;4,75805521;2,941602945;0,763773203;0,867943406;5,372164726
2022-12-27 00:00:00;2,545981646;4,743780136;2,92715621;0,763270319;0,867112041;5,33476305
2022-12-28 00:00:00;2,530606508;4,748818874;2,931971788;0,760870636;0,882076561;5,344964027
2022-12-29 00:00:00;2,548695326;4,78828764;2,935984612;0,764298856;0,879582524;5,377264977
2022-12-30 00:00:00;2,534676552;4,731183529;2,947221279;0,754871488;0,857135713;5,327964306
2023-01-02 00:00:00;2,577184677;4,855467319;2,975313187;0,776811421;0,877919793;5,431666374
2023-01-03 00:00:00;2,583967924;4,928526402;3,080456495;0,78675288;0,900366545;5,540469646
2023-01-04 00:00:00;2,679837942;5,12250948;3,098916531;0,805950403;0,934452355;5,657773495
2023-01-05 00:00:00;2,689786911;5,167856216;3,120587587;0,817948759;0,964381516;5,708775043
2023-01-06 00:00:00;2,755358219;5,214883327;3,118982077;0,841431439;1,003455758;5,771677017
2023-01-09 00:00:00;2,730938435;5,271146297;3,077245951;0,839031696;0,986828506;5,730875969
2023-01-10 00:00:00;2,74586153;5,298858166;3,11978507;0,852058589;1,009275198;5,817578793
2023-01-11 00:00:00;2,726416111;5,267787457;3,0627985;0,837831914;0,988491118;5,671373367
2023-01-12 00:00:00;2,788369894;5,308095932;3,108547926;0,846573532;1,000961661;5,64587307
2023-01-13 00:00:00;2,836757183;5,342525482;3,138244867;0,846402228;1,030890703;5,678174019
2023-01-16 00:00:00;2,802841187;5,372756958;3,090087891;0,831489861;1,010106564;5,564270496
2023-01-17 00:00:00;2,810528755;5,387032986;3,08366704;0,827033281;1,005949736;5,508170128
2023-01-18 00:00:00;2,83494854;5,410545826;3,144666195;0,828918755;0,997636199;5,508170128
2023-01-19 00:00:00;2,756262302;5,298858166;3,098916531;0,822062492;0,977683365;5,348363876
2023-01-20 00:00:00;2,801032066;5,34672451;3,177573442;0,831318438;0,991816521;5,477567196
2023-01-23 00:00:00;2,799675465;5,416424751;3,180783987;0,839717388;0,990985274;5,448667049
2023-01-24 00:00:00;2,807363033;5,400469303;3,190415144;0,846402228;0,997636199;5,443566799
2023-01-25 00:00:00;2,797866583;5,283742905;3,159113169;0,854115427;0,993479311;5,404465199
2023-01-26 00:00:00;2,888762474;5,388712406;3,203257084;0,947874367;1,028396606;5,518369675
2023-01-27 00:00:00;2,868412733;5,402988434;3,240178108;0,997582197;1,045023799;5,52176857
2023-01-30 00:00:00;2,889666557;5,407186985;3,240980625;0,992011487;1,035047531;5,525169373
2023-01-31 00:00:00;2,896902084;5,427340984;3,264256239;1,026292801;0,936946571;5,62717247
2023-02-01 00:00:00;2,938053846;5,682627201;3,2722826;1,040862203;0,947754323;5,657773495
2023-02-02 00:00:00;3,106278658;5,708659172;3,193625689;0,999296129;0,947754323;5,588071823
2023-02-03 00:00:00;3,164162397;5,80019331;3,106942654;0,974013865;0,941103339;5,508170128
2023-02-06 00:00:00;3,116227388;5,701941013;3,181586504;0,969300151;0,930295646;5,606772423
2023-02-07 00:00:00;3,183608055;5,691024303;3,182389259;0,978299022;0,940272152;5,620372295
2023-02-08 00:00:00;3,191295624;5,670870304;3,232954025;1,007009387;0,93528384;5,737676144
2023-02-09 00:00:00;3,167327881;5,710339069;3,244993687;1,011294603;0,946091592;5,754675865
2023-02-10 00:00:00;3,11894083;5,659953117;3,186402321;0,995868087;0,941103339;5,559170246
2023-02-13 00:00:00;3,147882462;5,736371517;3,230546474;1,013437271;0,964381516;5,640773296
2023-02-14 00:00:00;3,165971279;5,773320675;3,209678411;1,014294267;0,966875672;5,60847187
2023-02-15 00:00:00;3,139290333;5,779198647;3,214494228;1,022435784;0,961887419;5,60847187
2023-02-16 00:00:00;3,214358568;5,886687756;3,27870369;1,039148092;0,968538404;5,683274269
2023-02-17 00:00:00;3,187225342;5,858136177;3,299571753;1,039148092;0,981840253;5,805678844
2023-02-20 00:00:00;3,175015688;5,85561657;3,261848688;1,016008377;0,977683365;5,650973797
2023-02-21 00:00:00;3,18632102;5,851417542;3,224125385;1,025007129;0,977683365;5,613572598
2023-02-22 00:00:00;3,135672808;5,833782673;3,143060446;0,992439926;0,95024842;5,497968674
2023-02-23 00:00:00;3,183608055;5,906002045;3,159915686;1,005295396;0,971863925;5,511568546
2023-02-24 00:00:00;3,147430658;5,901803017;3,167941809;1,016436815;0,972695172;5,455467701
2023-02-27 00:00:00;3,213001728;6,035324574;3,210480928;1,034434438;0,979346097;5,531970501
2023-02-28 00:00:00;3,366755724;6,19151926;3,252217293;1,057574272;1,005949736;5,654373646
2023-03-01 00:00:00;3,337361574;6,067234993;3,212085962;1,066573143;0,985997021;5,4928689
2023-03-02 00:00:00;3,331482649;6,096626282;3,205665112;1,055431485;0,979346097;5,59317112
2023-03-03 00:00:00;3,434135914;6,195717335;3,2722826;1,104282379;0,994310558;5,737676144
2023-03-06 00:00:00;3,48930645;6,252821445;3,313215971;1,138134837;1,010937929;5,815878391
2023-03-07 00:00:00;3,405646324;6,119299889;3,255427599;1,108996034;0,99929893;5,809078217
2023-03-08 00:00:00;3,454033375;6,147851467;3,29796648;1,1192801;1,004287004;5,836279392
2023-03-09 00:00:00;3,408359766;6,129376888;3,262650967;1,116280794;0,986828506;5,754675865
2023-03-10 00:00:00;3,265006781;5,920277596;3,204060078;1,059288263;0,961887419;5,511568546
2023-03-13 00:00:00;3,024879694;5,432379723;3,004207373;0,93416208;0,887064815;5,040654182
2023-03-14 00:00:00;3,116227388;5,617965698;3,1270082;0,976156414;0,905354738;5,183459282
2023-03-15 00:00:00;2,901424408;5,07884264;2,916721821;0,873741508;0,850484788;4,848548889
2023-03-16 00:00:00;2,976944685;5,251832485;2,878196001;0,869456351;0,835520208;4,726144791
2023-03-17 00:00:00;2,838566065;5,068764687;2,817196846;0,842117071;0,82097137;4,607141495
2023-03-20 00:00:00;2,917252064;5,232517719;2,907090425;0,856515169;0,82845366;4,675143242
2023-03-21 00:00:00;3,053369045;5,51467514;3,05798316;0,920449495;0,867112041;4,909750938
2023-03-22 00:00:00;3,060152531;5,529791355;2,992970943;0,89559567;0,847990632;4,685343742
2023-03-23 00:00:00;3,002268791;5,385353565;2,88863039;0,865599632;0,828869283;4,547639847
2023-03-24 00:00:00;2,912277222;5,146863461;2,803552389;0,828575909;0,795199096;4,302832127
2023-03-27 00:00:00;2,975587845;5,253511906;2,827631235;0,841260016;0,804344118;4,328332424
2023-03-28 00:00:00;3,005886316;5,327409744;2,842880726;0,841945648;0,806006849;4,384843349
2023-03-29 00:00:00;3,057891607;5,442456245;2,903077364;0,865041375;0,821387053;4,569996834
2023-03-30 00:00:00;3,122106075;5,558342934;2,931168795;0,883587956;0,834688842;4,620178699
2023-03-31 00:00:00;3,098591328;5,518034935;2,876590967;0,865041375;0,821387053;4,52154541
2023-04-03 00:00:00;3,109444141;5,531254768;2,895853758;0,859967291;0,83136344;4,5613451
2023-04-04 00:00:00;3,116679907;5,628201962;2,88863039;0,867316008;0,822218478;4,550962925
2023-04-05 00:00:00;3,091355562;5,69342041;2,872577667;0,846144795;0,81806165;4,502510548
2023-04-06 00:00:00;3,187225342;5,799180508;2,996629477;0,873614848;0,843833864;4,599413872
2023-04-11 00:00:00;3,096781969;5,712809563;2,959740162;0,878776371;0,862955213;4,684203148
2023-04-12 00:00:00;3,14969182;5,815044403;3,000061035;0,866266131;0,864639223;4,691124916
2023-04-13 00:00:00;3,14697814;5,841484547;2,961455584;0,873789787;0,865947187;4,706698418
2023-04-14 00:00:00;3,265459299;5,998362541;3,038666248;0,89802283;0,886004448;4,883199692
2023-04-17 00:00:00;3,201244354;5,91551733;3,026656151;0,902397037;0,894724965;4,90742588
2023-04-18 00:00:00;3,255962372;6,047717094;3,099576712;0,930829346;0,89995718;4,964528561
2023-04-19 00:00:00;3,289878607;6,097071648;3,139898062;0,943514585;0,91216594;5,032013893
2023-04-20 00:00:00;3,239230394;6,005413055;3,124455929;0,930391908;0,897341132;4,973180771
2023-04-21 00:00:00;3,205766439;5,977210045;3,069550753;0,923830628;0,886876464;4,84513092
2023-04-24 00:00:00;3,203052998;6,005413055;3,048961163;0,914644897;0,884260416;4,827826977
2023-04-25 00:00:00;3,011765242;5,859111309;2,997487307;0,874314725;0,869871438;4,815713882
2023-04-26 00:00:00;2,979205608;5,88907671;2,961455584;0,874314725;0,87728399;4,820905209
2023-04-27 00:00:00;3,023877621;6,072393894;3,042955875;0,890149295;0,890364766;4,827826977
2023-04-28 00:00:00;2,934994221;5,860874176;2,875666142;0,826548517;0,801851451;4,639213085
2023-05-02 00:00:00;2,859006166;5,64406538;2,802745104;0,797853708;0,790514767;4,422912121
2023-05-03 00:00:00;2,873742819;5,543593407;2,760708094;0,78788054;0,799671352;4,388303757
2023-05-04 00:00:00;2,815715313;5,44664669;2,717813492;0,770208836;0,774817824;4,358887196
2023-05-05 00:00:00;2,900453806;5,543593407;2,755560637;0,792254806;0,783102334;4,405608177
2023-05-08 00:00:00;2,935454845;5,629964352;2,887676954;0,801877975;0,804903567;4,490398407
2023-05-09 00:00:00;2,933612347;5,561220169;2,867945194;0,811326265;0,802287459;4,460981846
2023-05-10 00:00:00;2,895388365;5,554169655;2,867087364;0,801703095;0,804031551;4,51808548
2023-05-11 00:00:00;2,891243219;5,762164593;2,851645231;0,800303221;0,797927201;4,462711811
2023-05-12 00:00:00;2,894466877;5,815044403;2,87823987;0,797853708;0,807083726;4,448868275
2023-05-15 00:00:00;2,899532795;5,571796417;2,883387327;0,807476938;0,809263885;4,480015755
2023-05-16 00:00:00;2,891703844;5,552407265;2,85765028;0,808351815;0,80621171;4,443677425
2023-05-17 00:00:00;2,908743858;5,612338066;2,903118849;0,823224068;0,813624144;4,509432316
2023-05-18 00:00:00;2,924862385;5,696945667;2,926282167;0,834247053;0,811007977;4,545771122
2023-05-19 00:00:00;2,947428703;5,721623421;2,919419289;0,832147419;0,814932168;4,526736259
2023-05-22 00:00:00;2,974600315;5,732199192;2,982903242;0,847019672;0,827140927;4,698046207
2023-05-23 00:00:00;2,970455408;5,721623421;3,009497881;0,850519061;0,828885078;4,768993378
2023-05-24 00:00:00;2,893546104;5,587660789;2,983761072;0,831097662;0,812752068;4,8018713
2023-05-25 00:00:00;2,905980587;5,654641628;3,008640051;0,843520343;0,815368176;4,768993378
2023-05-26 00:00:00;2,944665194;5,711047173;3,05753994;0,847719491;0,811007977;4,739577293
2023-05-29 00:00:00;2,894466877;5,640541077;3,059255838;0,845969915;0,807955801;4,768993378
2023-05-30 00:00:00;2,864992857;5,603524208;3,03351903;0,840195954;0,800543368;4,732654572
2023-05-31 00:00:00;2,804662704;5,393766403;2,94000864;0,808351815;0,776997983;4,621908188
2023-06-01 00:00:00;2,868676901;5,513628483;3,042955875;0,842645466;0,790078759;4,755150318
2023-06-02 00:00:00;2,956639528;5,719860554;3,115019321;0,871515214;0,804031551;4,848591328
2023-06-05 00:00:00;2,931770325;5,696945667;3,097003222;0,855243206;0,798363209;4,812252998
2023-06-06 00:00:00;2,955718517;5,709284782;3,0952878;0,866091192;0,800979435;4,853783607
2023-06-07 00:00:00;2,957560301;5,71809721;3,099576712;0,872564971;0,802287459;4,910886288
2023-06-08 00:00:00;2,972297668;5,804468155;3,128745556;0,87921375;0,815368176;4,940302849
2023-06-09 00:00:00;2,948810101;5,737487316;3,086708784;0,874139726;0,808391809;4,938572407
2023-06-12 00:00:00;2,937297106;5,776266098;3,0952878;0,870990276;0,814060152;4,898774147
2023-06-13 00:00:00;2,940060139;5,756876469;3,084134817;0,872739971;0,812752068;4,909155846
2023-06-14 00:00:00;2,993482113;5,971921921;3,14075613;0,891461611;0,819728494;4,981832981
2023-06-15 00:00:00;2,941902161;5,934906483;3,171640158;0,87615186;0,81842041;4,962798595
2023-06-16 00:00:00;2,96631074;5,984261036;3,217108727;0,892773747;0,823216736;4,988753796
2023-06-19 00:00:00;2,958481312;5,991311073;3,215392828;0,895835757;0,821036577;4,96971941
2023-06-20 00:00:00;2,940981388;5,940193653;3,177645445;0,891024113;0,817112327;4,903964996
2023-06-21 00:00:00;2,951112986;5,966634274;3,246276855;0,905458927;0,820600569;4,943764687
2023-06-22 00:00:00;2,90690136;5,933143139;3,184508562;0,889274478;0,809263885;4,871087074
2023-06-23 00:00:00;2,824004889;5,862636566;3,131319046;0,870115459;0,791386843;4,796679974
2023-06-26 00:00:00;2,840123653;5,947244644;3,113303423;0,882713079;0,795747101;4,814267159
2023-06-27 00:00:00;2,943283796;5,978972912;3,193945646;0,897585392;0,807519794;4,860016823
2023-06-28 00:00:00;3,048746347;6,040666103;3,184508562;0,901959658;0,815368176;4,86529541
2023-06-29 00:00:00;3,07776022;6,132325172;3,244561434;0,915082216;0,834989429;4,902246952
2023-06-30 00:00:00;3,117826939;6,197544098;3,248850822;0,922080994;0,839785695;4,953275681
2023-07-03 00:00:00;3,168485641;6,248661518;3,278019428;0,950075805;0,850250304;5,132754803
2023-07-04 00:00:00;3,113682032;6,190493107;3,190514088;0,94220227;0,839349687;5,136273384
2023-07-05 00:00:00;3,083287001;6,132325172;3,166492701;0,936953247;0,822780669;5,167946339
2023-07-06 00:00:00;2,988416195;6,028327942;3,148477077;0,926017702;0,802723467;5,108120918
2023-07-07 00:00:00;3,006376982;6,075919628;3,167350769;0,95488739;0,832809269;5,261205196
2023-07-10 00:00:00;3,017430067;6,061818123;3,16477704;0,950513303;0,83673352;5,28760004
2023-07-11 00:00:00;3,071312666;6,118223667;3,25399828;0,971509337;0,851994455;5,449482441
2023-07-12 00:00:00;3,199341536;6,262762547;3,27716136;0,98331964;0,85722667;5,477636337
2023-07-13 00:00:00;3,214999676;6,250423431;3,269440413;0,988131344;0,859842837;5,523385048
2023-07-14 00:00:00;3,187367916;6,23984766;3,260003328;0,98025775;0,849378228;5,359743118
2023-07-17 00:00:00;3,176314831;6,255711555;3,282308817;0,984194577;0,853738487;5,373819828
2023-07-18 00:00:00;3,232960939;6,312118053;3,302898407;0,991630733;0,86725533;5,414290428
2023-07-19 00:00:00;3,221907854;6,26099968;3,270298243;0,987256467;0,872923732;5,401973724
2023-07-20 00:00:00;3,246776819;6,340319633;3,27973485;0,985506833;0,885132313;5,234811306
2023-07-21 00:00:00;3,250000715;6,280389309;3,267724752;0,982882261;0,879899979;5,303435802
2023-07-24 00:00:00;3,242171526;6,273338795;3,249708891;0,975446224;0,872923732;5,238331318
2023-07-25 00:00:00;3,258750916;6,283914566;3,282308817;0,99600482;0,87728399;5,303435802
2023-07-26 00:00:00;3,360989809;6,268050671;3,262577295;1,000379086;0,892980874;5,203138351
2023-07-27 00:00:00;3,415332794;6,36323452;3,225687742;1,0148139;0,933967292;5,185542583
2023-07-28 00:00:00;3,387240171;6,46194458;3,173356056;0,994255245;0,940071642;5,17322588
2023-07-31 00:00:00;3,392766714;6,354421616;3,147619247;0,978945494;0,92437464;5,171465874
2023-08-01 00:00:00;3,314935923;6,169341087;3,136466265;0,958386779;0,925246716;5,115159035
2023-08-02 00:00:00;3,249079704;6,061818123;3,096145391;0,936078489;0,871179581;5,092284203
2023-08-03 00:00:00;3,302501678;6,056530476;3,199950933;0,950513303;0,885132313;5,247128487
2023-08-04 00:00:00;3,323686361;6,102359772;3,210245609;0,947013795;0,892108798;5,294638157
2023-08-07 00:00:00;3,335199833;6,141138554;3,255714178;0,953575194;0,891236663;5,350944996
2023-08-08 00:00:00;3,244934559;6,023040295;3,207671881;0,9330163;0,86943543;5,250648022
2023-08-09 00:00:00;3,269343138;6,090020657;3,237698078;0,942639649;0,870307505;5,25416708
2023-08-10 00:00:00;3,359608173;6,315642834;3,282308817;0,953575194;0,881644249;5,296397686
2023-08-11 00:00:00;3,308948994;6,327980995;3,293461323;0,952700317;0,880772114;5,372060776
2023-08-14 00:00:00;3,312633276;6,347370625;3,278019428;0,964073241;0,906061649;5,349185467
2023-08-15 00:00:00;3,285461664;6,268050671;3,269440413;0,953575194;0,895596921;5,28935957
2023-08-16 00:00:00;3,275790453;6,248661518;3,234266758;0,954012573;0,892980874;5,25416708
2023-08-17 00:00:00;3,276250839;6,23808527;3,256572008;0,959699035;0,887748539;5,303435802
2023-08-18 00:00:00;3,271185398;6,222220898;3,264293194;0,962761045;0,879028022;5,229532242
2023-08-21 00:00:00;3,279935598;6,253949642;3,248850822;0,970197141;0,883388281;5,298156261
2023-08-22 00:00:00;3,294211864;6,282151699;3,266008615;0,967135131;0,886004448;5,28760004
2023-08-23 00:00:00;3,255066395;6,23808527;3,227403641;0,953575194;0,878155947;5,217215061
2023-08-24 00:00:00;3,256908655;6,320930481;3,264293194;0,957074463;0,886004448;5,259446144
2023-08-25 00:00:00;3,258750916;6,301541805;3,247134924;0,953575194;0,886876464;5,247128487
2023-08-28 00:00:00;3,292369843;6,416114807;3,285740137;0,972821653;0,89995718;5,310473919
2023-08-29 00:00:00;3,344871044;6,477808475;3,308903694;0,982007384;0,906933665;5,361502647
2023-08-30 00:00:00;3,342108011;6,516587257;3,318340302;0,983757138;0,923502624;5,38261795
2023-08-31 00:00:00;3,317699194;6,403776169;3,203382254;0,934328735;0,889492571;5,204898834
2023-09-01 00:00:00;3,241710901;6,402013302;3,16220355;0,930391908;0,884260416;5,183783531
2023-09-04 00:00:00;3,237566233;6,423165798;3,123598099;0,928204834;0,879899979;5,155629635
2023-09-05 00:00:00;3,226513386;6,306829453;3,125313759;0,928204834;0,879899979;5,182023048
2023-09-06 00:00:00;3,138090611;6,18696785;3,080703497;0,89802283;0,858970821;5,074687958
2023-09-07 00:00:00;3,109537363;6,119986534;3,019792795;0,889711797;0,855482638;5,05005312
2023-09-08 00:00:00;3,13901186;6,142900467;3,049819231;0,904584169;0,867691338;5,122197151
2023-09-11 00:00:00;3,162959337;6,231034756;3,072982073;0,915519655;0,881644249;5,160908222
2023-09-12 00:00:00;3,174012423;6,250423431;3,083276987;0,929079711;0,889492571;5,224254131
2023-09-13 00:00:00;3,18138051;6,273338795;3,038666248;0,924705505;0,880772114;5,146831989
2023-09-14 00:00:00;3,247237206;6,384387016;3,085850477;0,934328735;0,891236663;5,245368958
2023-09-15 00:00:00;3,215920687;6,354421616;3,040382147;0,908958316;0,87728399;5,13803339
2023-09-18 00:00:00;3,173551559;6,306829453;3,048961163;0,900647342;0,868563354;5,106360435
2023-09-19 00:00:00;3,190591812;6,446080208;3,069550753;0,911582887;0,880772114;5,210176945
2023-09-20 00:00:00;3,244934559;6,604720592;3,099576712;0,947888672;0,886004448;5,264724731
2023-09-21 00:00:00;3,229737043;6,602957726;3,135608435;0,9518255;0,878155947;5,343906403
2023-09-22 00:00:00;3,207170963;6,580043316;3,147619247;0,954449892;0,873795688;5,292878151
2023-09-25 00:00:00;3,177696705;6,513061523;3,105581999;0,944389343;0,871615589;5,30733633
2023-09-26 00:00:00;3,163419724;6,495434761;3,175071716;0,941764951;0,872923732;5,404421806
2023-09-27 00:00:00;3,218684196;6,562416553;3,189656019;0,954012573;0,87728399;5,368463993
2023-09-28 00:00:00;3,36191082;6,775699139;3,230835199;0,963635921;0,891236663;5,415209293
2023-09-29 00:00:00;3,332897186;6,795088768;3,247992992;0,962761045;0,888620615;5,433187962
2023-10-02 00:00:00;3,290527821;6,779224396;3,235982418;0,964073241;0,89995718;5,34329319
2023-10-03 00:00:00;3,274409056;6,814477921;3,193087578;0,9518255;0,879028022;5,408017159
2023-10-04 00:00:00;3,244474173;6,721056461;3,175929546;0,952700317;0,871615589;5,382847309
2023-10-05 00:00:00;3,270264149;6,735157967;3,203382254;0,959699035;0,884260416;5,406219006
2023-10-06 00:00:00;3,324607134;6,765123367;3,27630353;0,980695128;0,890364766;5,445772648
2023-10-09 00:00:00;3,235263586;6,680513859;3,239413738;0,9518255;0,87728399;5,336102009
2023-10-10 00:00:00;3,322304726;6,885735989;3,288314104;0,968447447;0,892980874;5,415209293
2023-10-11 00:00:00;3,325528383;7,004549026;3,29946661;0,971071899;0,902573347;5,458357811
2023-10-12 00:00:00;3,303883314;7,018949986;3,284024715;0,984194577;0,906933665;5,422400475
2023-10-13 00:00:00;3,235724211;6,914539337;3,248850822;0,973259091;0,878155947;5,341495514
2023-10-16 00:00:00;3,293751478;6,930740833;3,253140211;0,983757138;0,886876464;5,411612988
2023-10-17 00:00:00;3,290067196;6,97034502;3,249708891;0,985506833;0,885132313;5,422400475
2023-10-18 00:00:00;3,233881712;6,919939518;3,242845535;0,976320982;0,874667764;5,442176342
2023-10-19 00:00:00;3,231579065;6,862333298;3,306329727;0,992068112;0,886876464;5,684890747
2023-10-20 00:00:00;3,183683395;6,786725044;3,260003328;0,975446224;0,887748539;5,663315773
2023-10-23 00:00:00;3,151446104;6,770523548;3,211961269;0,950950682;0,878155947;5,550049782
2023-10-24 00:00:00;3,114603281;6,653511047;3,112445354;0,901084781;0,852430463;5,400825977
2023-10-25 00:00:00;3,187828541;6,687714577;3,115876913;0,910270572;0,856790721;5,400825977
2023-10-26 00:00:00;3,233881712;6,716517925;3,190514088;0,964948118;0,879028022;5,451166153
2023-10-27 00:00:00;3,206249952;6,698515415;3,262577295;0,999504328;0,87728399;5,330708027
2023-10-30 00:00:00;3,287764549;6,754322052;3,313192844;1,037559628;0,848506212;5,350485325
2023-10-31 00:00:00;3,266559362;6,680513859;3,290030003;1,02443707;0,856354654;5,359474659
2023-11-01 00:00:00;3,299073935;6,831730366;3,255714178;1,03056097;0,856790721;5,325314999
2023-11-02 00:00:00;3,3787117;6,873134613;3,246276855;1,051119804;0,869871438;5,393633842
2023-11-03 00:00:00;3,371643543;6,961344242;3,247992992;1,04630816;0,879899979;5,433187962
2023-11-06 00:00:00;3,336301088;6,946942329;3,2754457;1,041934013;0,880772114;5,440379143
2023-11-07 00:00:00;3,318394423;6,952342987;3,229977369;1,036684752;0,868563354;5,408017159
2023-11-08 00:00:00;3,344312191;7,049553394;3,25399828;1,04630816;0,881644249;5,470942974
2023-11-09 00:00:00;3,390021324;7,17556715;3,316624641;1,075615406;0,889492571;5,465549469
2023-11-10 00:00:00;3,401330709;7,110759735;3,308045626;1,076052785;0,87553978;5,467347145
2023-11-13 00:00:00;3,439971685;7,204369545;3,368956327;1,123731494;0,889492571;5,630954266
2023-11-14 00:00:00;3,471543789;7,396990776;3,390403509;1,121106863;0,883388281;5,620167255
2023-11-15 00:00:00;3,45882082;7,400590897;3,441019535;1,108859062;0,879899979;5,632751465
2023-11-16 00:00:00;3,477669954;7,351985931;3,464182854;1,108859062;0,876411796;5,560836792
2023-11-17 00:00:00;3,509242296;7,456397057;3,473619223;1,127230763;0,873795688;5,594996452
2023-11-20 00:00:00;3,519137859;7,458197594;3,51908803;1,147789598;0,879899979;5,681294918
2023-11-21 00:00:00;3,511598587;7,467197895;3,52080369;1,171847582;0,869871438;5,699274063
2023-11-22 00:00:00;3,530918837;7,535605431;3,543967247;1,159162402;0,867691338;5,778379917
2023-11-23 00:00:00;3,544113159;7,600412369;3,56369853;1,153038502;0,896469057;5,771188259
2023-11-24 00:00:00;3,551181555;7,55180788;3,5628407;1,160037279;0,889492571;5,803549767
2023-11-27 00:00:00;3,50547266;7,560807705;3,564556599;1,164411426;0,886876464;5,753209591
2023-11-28 00:00:00;3,562020063;7,728225708;3,594582796;1,179283738;0,903445482;5,843103886
2023-11-29 00:00:00;3,579455376;7,827236652;3,600588083;1,183657885;0,903445482;5,792762756
2023-11-30 00:00:00;3,582282543;7,656217575;3,543967247;1,17228508;0,888620615;5,792762756
2023-12-01 00:00:00;3,616211176;7,701222897;3,527666807;1,179283738;0,892108798;5,789167404
2023-12-04 00:00:00;3,626578093;7,794832706;3,569703817;1,179283738;0,890364766;5,787369728
2023-12-05 00:00:00;3,69443512;7,766031265;3,573135376;1,170535445;0,886004448;5,675901413
2023-12-06 00:00:00;3,728834867;7,748028278;3,513940573;1,150851488;0,879028022;5,629157066
2023-12-07 00:00:00;3,643071175;7,613014221;3,379250765;1,083051443;0,851994455;5,433187962
2023-12-08 00:00:00;3,713284492;7,656217575;3,356945753;1,078239799;0,85504657;5,488922119
2023-12-11 00:00:00;3,714226961;7,643616199;3,353513956;1,085238457;0,840221703;5,469145298
2023-12-12 00:00:00;3,652495861;7,578810215;3,316624641;1,072553277;0,819728494;5,40262413
2023-12-13 00:00:00;3,617153645;7,584210396;3,327777386;1,062930107;0,815368176;5,442176342
2023-12-14 00:00:00;3,660506725;7,535605431;3,244561434;1,009127378;0,809263885;5,303740501
2023-12-15 00:00:00;3,580868959;7,456397057;3,187940359;0,982444882;0,800979435;5,221038342
2023-12-18 00:00:00;3,570030689;7,425793648;3,213676929;0,982444882;0,791386843;5,224633217
2023-12-19 00:00:00;3,574271917;7,436594486;3,199950933;0,981570005;0,791386843;5,224633217
2023-12-20 00:00:00;3,570973158;7,353786469;3,190514088;0,979820371;0,783974349;5,280367374
2023-12-21 00:00:00;3,574743032;7,409592152;3,205955982;0,987256467;0,784846425;5,330708027
2023-12-22 00:00:00;3,588879824;7,414992809;3,193945646;0,9894436;0,780486166;5,330708027
2023-12-27 00:00:00;3,590764761;7,41859293;3,201666594;0,990342259;0,788770676;5,345636368
2023-12-28 00:00:00;3,569559336;7,373588562;3,183650732;0,984500885;0,777433991;5,336426258
2023-12-29 00:00:00;3,562020063;7,404191017;3,196519375;1,00022769;0,776125908;5,33826828
2024-01-02 00:00:00;3,631761551;7,584210396;3,282308817;1,0307827;0,797491193;5,496684551
2024-01-03 00:00:00;3,580868959;7,488800049;3,328635454;1,044262886;0,788334668;5,504053116
2024-01-04 00:00:00;3,656737089;7,614813328;3,392977238;1,073919296;0,802723467;5,636680603
2024-01-05 00:00:00;3,687366724;7,66341877;3,441019535;1,097734213;0,805339634;5,636680603
2024-01-08 00:00:00;3,703388691;7,742628098;3,481340408;1,108967662;0,817548335;5,69010067
2024-01-09 00:00:00;3,667575121;7,573409557;3,369814157;1,089646101;0,809263885;5,586945534
2024-01-10 00:00:00;3,627520561;7,562608719;3,316624641;1,047857642;0,79400295;5,491158485
2024-01-11 00:00:00;3,574743032;7,452795982;3,329493284;1,03932023;0,786154509;5,461685181
2024-01-12 00:00:00;3,582753897;7,459997177;3,354372025;1,033928156;0,789206624;5,581419468
2024-01-15 00:00:00;3,543642044;7,427593231;3,368956327;1,035725474;0,792694867;5,636680603
2024-01-16 00:00:00;3,500760078;7,328583717;3,353513956;1,014157176;0,784410477;5,531683922
2024-01-17 00:00:00;3,453637362;7,285378456;3,285740137;1,006069183;0,770893633;5,40089798
2024-01-18 00:00:00;3,503587484;7,276377201;3,287456036;1,0307827;0,773945808;5,380636215
2024-01-19 00:00:00;3,496519089;7,197168827;3,288314104;1,033928156;0,731651306;5,415634632
2024-01-22 00:00:00;3,519137859;7,355586052;3,358661413;1,049654841;0,746476173;5,493000507
2024-01-23 00:00:00;3,459291935;7,321382523;3,350082397;1,051452279;0,755632699;5,526157379
2024-01-24 00:00:00;3,513954401;7,404191017;3,376677275;1,069425941;0,767841458;5,638523102
2024-01-25 00:00:00;3,421122551;7,281778336;3,293461323;1,036174774;0,7512725;5,29774332
2024-01-26 00:00:00;3,437615395;7,283578873;3,307187557;1,048306942;0,760865092;5,345636368
2024-01-29 00:00:00;3,366459608;7,303380966;3,313192844;1,047857642;0,754760683;5,292216301
2024-01-30 00:00:00;3,44892478;7,753428936;3,401556253;1,08110857;0,766969383;5,279322624
2024-01-31 00:00:00;3,520551682;7,809234142;3,392119408;1,083804727;0,773945808;5,268270016
2024-02-01 00:00:00;3,524792671;7,807434082;3,36209321;1,052800179;0,767841458;5,161430836
2024-02-02 00:00:00;3,655323267;8,066661835;3,356945753;1,052350879;0,771765649;5,179852009
2024-02-05 00:00:00;3,472486258;8,041460037;3,321772099;1,038421512;0,763045132;5,133800507
2024-02-06 00:00:00;3,531861067;8,194475174;3,38611412;1,030333281;0,814932168;5,187220097
2024-02-07 00:00:00;3,464475632;8,088263512;3,350082397;1,012359858;0,827140927;5,119064331
2024-02-08 00:00:00;3,44468379;8,205277443;3,392977238;1,00022769;0,813188136;5,089591026
2024-02-09 00:00:00;3,463532925;8,237680435;3,368956327;0,999329031;0,80621171;5,148537636
2024-02-12 00:00:00;3,491806746;8,325889587;3,36209321;1,026738763;0,834117293;5,277480602
2024-02-13 00:00:00;3,450809717;8,347491264;3,452172279;1,058192372;0,823652744;5,347478867
2024-02-14 00:00:00;3,457878113;8,26828289;3,423861504;1,056395054;0,810135961;5,299585342
2024-02-15 00:00:00;3,459291935;8,138669014;3,402414322;1,035725474;0,824960768;5,32537365
2024-02-16 00:00:00;3,461647987;8,115267754;3,399840593;1,047408342;0,830193102;5,196430683
2024-02-19 00:00:00;3,522436619;8,124268532;3,464182854;1,059540391;0,837169528;5,20932436
2024-02-20 00:00:00;3,581340313;8,189074516;3,517372131;1,055945635;0,840221703;5,271954536
2024-02-21 00:00:00;3,596890688;8,365493774;3,516514301;1,045610785;0,838041604;5,275638103
2024-02-22 00:00:00;3,618096113;8,399698257;3,506219387;1,06987524;0,851994455;5,340110302
2024-02-23 00:00:00;3,613855124;8,48790741;3,52080369;1,072571278;0,844145954;5,35116291
2024-02-26 00:00:00;3,600660801;8,511309624;3,555119514;1,091443419;0,847634137;5,388003826
2024-02-27 00:00:00;3,601131916;8,433901787;3,576567411;1,10087955;0,850250304;5,42300272
2024-02-28 00:00:00;3,636945248;8,388895988;3,574851036;1,098632932;0,840221703;5,45431757
2024-02-29 00:00:00;3,62422204;8,26828289;3,577425003;1,075716734;0,823652744;5,404582024
2024-03-01 00:00:00;3,64919734;8,426701546;3,649488211;1,113910437;0,834117293;5,524315357
2024-03-04 00:00:00;3,634117603;8,47350502;3,688951254;1,125593305;0,835861504;5,588787079
2024-03-05 00:00:00;3,642599821;8,540112495;3,720693111;1,14131999;0,848070264;5,605365753
2024-03-06 00:00:00;3,682183266;8,696728706;3,763588428;1,152553558;0,864639223;5,671679497
2024-03-07 00:00:00;3,751453876;8,864147186;3,757582903;1,170527101;0,86115098;5,66246891
2024-03-08 00:00:00;3,7627635;8,909152031;3,747288465;1,170527101;0,862459064;5,726941586
2024-03-11 00:00:00;3,754752398;8,94335556;3,779888391;1,184007168;0,865511239;5,807991505
2024-03-12 00:00:00;3,824494362;9,176480293;3,790183306;1,206024766;0,880772114;5,894567966
2024-03-13 00:00:00;3,857480288;9,243988037;3,821925163;1,212315559;0,880772114;5,901937008
2024-03-14 00:00:00;3,815541267;9,171979904;3,764446259;1,210518241;0,87553978;5,907462597
2024-03-15 00:00:00;3,88057065;9,374502182;3,861388206;1,238826394;0,901701391;6,052984715
2024-03-18 00:00:00;3,899419546;9,347498894;3,918009043;1,253654599;0,916526258;6,082457542
2024-03-19 00:00:00;3,947956324;9,455511093;4,004657269;1,283311009;0,926118791;6,209558964
2024-03-20 00:00:00;3,948899031;9,473511696;4,056988716;1,286905766;0,933095217;6,274030685
2024-03-21 00:00:00;4,031834602;9,721038818;4,060420036;1,287355185;0,940071642;6,146928787
2024-03-22 00:00:00;4,115242004;9,811048508;4,064709187;1,293645859;0,950536251;6,172718525
2024-03-25 00:00:00;4,159538269;9,770544052;4,102457047;1,289152384;0,962745011;6,218769073
2024-03-26 00:00:00;4,203362465;9,757042885;4,14363575;1,304430008;0,974081635;6,285916805
2024-03-27 00:00:00;4,243887901;9,815548897;4,173662186;1,294095278;0,988034427;6,3270998
2024-03-28 00:00:00;4,261323929;9,937062263;4,192230225;1,307575345;1,000243068;6,347690582
2024-04-02 00:00:00;4,255197525;9,874054909;4,27713871;1,308024645;0,990650594;6,450646877
2024-04-03 00:00:00;4,319755554;9,946063042;4,284603119;1,361495972;1,005475521;6,474981785
2024-04-04 00:00:00;4,406462193;10,11258125;4,368578434;1,387557626;1,016812086;6,551730156
2024-04-05 00:00:00;4,322583199;9,90555954;4,360180378;1,376324058;1,02204442;6,529267311
2024-04-08 00:00:00;4,373947144;9,93821907;4,449754238;1,392050982;1,035997272;6,606016159
2024-04-09 00:00:00;4,302791595;9,77958107;4,402168274;1,348465204;1,016812086;6,549858093
2024-04-10 00:00:00;4,313158512;9,728257179;4,46841526;1,36284399;1,018556356;6,587296963
2024-04-11 00:00:00;4,19959259;9,443640709;4,329389572;1,320156813;0,988906503;6,463749886
2024-04-12 00:00:00;4,192053318;9,37831974;4,35551548;1,293645859;0,995010912;6,401976109
2024-04-15 00:00:00;4,213258266;9,490300179;4,387239456;1,305328608;1,00373137;6,450646877
2024-04-16 00:00:00;4,106289387;9,296200752;4,316326618;1,28697598;0,986290455;6,370153904
2024-04-17 00:00:00;4,163779259;9,536957741;4,37977457;1,324598789;1,014480472;6,469365597
2024-04-18 00:00:00;4,282999992;9,723590851;4,50107193;1,378739119;1,051885009;6,811927319
2024-04-19 00:00:00;4,251899242;9,522960663;4,484277725;1,362221718;1,041849494;6,785720348
2024-04-22 00:00:00;4,398451328;9,732922554;4,530930519;1,371397972;1,049147964;6,802567959
2024-04-23 00:00:00;4,474318981;9,947550774;4,613039494;1,394338727;1,052797318;6,79882431
2024-04-24 00:00:00;4,504477978;9,844902992;4,612106323;1,381950736;1,048235774;6,804440022
2024-04-25 00:00:00;4,474790573;9,802910805;4,68021965;1,502619147;1,078341842;6,840006351
2024-04-26 00:00:00;4,571393013;10,2508297;4,771659374;1,551712155;1,090201616;6,856853962
2024-04-29 00:00:00;4,566586018;10,17150974;4,775391102;1,594381928;1,11574614;6,899908066
2024-04-30 00:00:00;4,395957947;9,494965553;4,620503902;1,648063302;1,119395375;6,944833755
2024-05-02 00:00:00;4,388748169;9,130098343;4,604641438;1,706791639;1,175045729;7,059021473
2024-05-03 00:00:00;4,355103016;9,19168663;4,436691761;1,729732513;1,160448909;6,920499325
2024-05-06 00:00:00;4,393554211;9,182354927;4,541193962;1,733861804;1,146764398;6,909267426
2024-05-07 00:00:00;4,544957161;9,513628006;4,606507778;1,72606194;1,158624291;7,072124958
2024-05-08 00:00:00;4,586772919;9,602279663;4,592511654;1,651275039;1,153150558;7,034686089
2024-05-09 00:00:00;4,585330963;8,958395958;4,551457405;1,703580022;1,147676706;6,9672966
2024-05-10 00:00:00;4,551205158;9,061043739;4,598110676;1,715968013;1,165010333;7,085228443
2024-05-13 00:00:00;4,571392536;9,07410717;4,586913586;1,712756276;1,173221231;7,059021473
2024-05-14 00:00:00;4,568508625;9,238345146;4,624236107;1,71917963;1,18781805;7,124538898
2024-05-15 00:00:00;4,625704765;9,518294334;4,549591541;1,747167468;1,191467166;7,126410484
2024-05-16 00:00:00;4,618495464;9,30739975;4,498272896;1,704497576;1,188730359;7,029070854
2024-05-17 00:00:00;4,672327042;9,350324631;4,559854984;1,732944131;1,209713221;7,195672035
2024-05-20 00:00:00;4,68914938;9,268206596;4,651294708;1,730650187;1,206976414;7,302371502
2024-05-21 00:00:00;4,6545434;9,31859684;4,713809967;1,741202831;1,216099381;7,358528614
2024-05-22 00:00:00;4,618975639;9,340992928;4,715675831;1,768272996;1,219748616;7,403455257
2024-05-23 00:00:00;4,598308563;9,364322662;4,752997875;1,753132105;1,23160851;7,418430805
2024-05-24 00:00:00;4,568508625;9,298067093;4,769793034;1,752214432;1,223397732;7,422174454
2024-05-27 00:00:00;4,575237274;9,312997818;4,76792717;1,752214432;1,206063986;7,409070492
2024-05-28 00:00:00;4,577159882;9,271938324;4,835107327;1,762767076;1,196941018;7,45961237
2024-05-29 00:00:00;4,507466793;9,113300323;4,792186737;1,745332122;1,199678063;7,412815094
2024-05-30 00:00:00;4,602633953;9,303667068;4,902287483;1,780202031;1,219748616;7,616854191
2024-05-31 00:00:00;4,647333622;9,275671005;4,917216301;1,778825641;1,228871703;7,600007057
2024-06-03 00:00:00;4,663194656;9,115166664;4,939609528;1,765519977;1,214274764;7,635573864
2024-06-04 00:00:00;4,55697298;8,824019432;4,691416264;1,704956412;1,169571877;7,313603401
2024-06-05 00:00:00;4,49881506;8,911736488;4,68021965;1,717344403;1,168659687;7,120794296
2024-06-06 00:00:00;4,559856892;9,143161774;4,861232758;1,741202831;1,192379475;7,330450058
2024-06-07 00:00:00;4,550724983;9,232745171;4,907886028;1,762767076;1,196028709;7,418430805
2024-06-10 00:00:00;4,528615475;9,107701302;4,917216301;1,743496895;1,185993433;7,452125072
2024-06-11 00:00:00;4,428160667;8,94719696;4,762329102;1,711838603;1,154062867;7,27990818
2024-06-12 00:00:00;4,421912193;8,719504356;4,754864216;1,67467463;1,170484185;7,272420406
2024-06-13 00:00:00;4,230617046;8,506742477;4,64662981;1,633381367;1,155887365;7,160105228
2024-06-14 00:00:00;4,208987713;8,417159081;4,548658371;1,598511338;1,134904385;7,068380833
2024-06-17 00:00:00;4,239268303;8,467550278;4,534662247;1,608146548;1,130342841;7,145129681
2024-06-18 00:00:00;4,279642105;8,605658531;4,667156696;1,621452093;1,135816813;7,210647106
2024-06-19 00:00:00;4,279161453;8,631786346;4,713809967;1,634757757;1,156799674;7,334194183
2024-06-20 00:00:00;4,269068241;8,725103378;4,75859642;1,63567543;1,161361217;7,401583195
2024-06-21 00:00:00;4,167171478;8,575796127;4,610240459;1,621452093;1,144027352;7,167593002
2024-06-24 00:00:00;4,238306999;8,764296532;4,672754765;1,66091013;1,171396613;7,315500736
2024-06-25 00:00:00;4,210909843;8,659781456;4,674621105;1,640722394;1,155887365;7,324998379
2024-06-26 00:00:00;4,176303864;8,585128784;4,618637562;1,626957893;1,159536719;7,222418785
2024-06-27 00:00:00;4,169094563;8,622454643;4,622370243;1,643016458;1,150413632;7,218619347
2024-06-28 00:00:00;4,162846088;8,726970673;4,612106323;1,652192712;1,162273645;7,243314266
2024-07-01 00:00:00;4,275316715;8,865078926;4,706345081;1,698991776;1,191467166;7,307901859
2024-07-02 00:00:00;4,156116962;8,771761894;4,655960083;1,670086503;1,158624291;7,258511543
2024-07-03 00:00:00;4,247439384;8,952795982;4,670888901;1,709085703;1,161361217;7,209121227
2024-07-04 00:00:00;4,332512856;8,963994026;4,79031992;1,730191231;1,1805197;7,393385887
2024-07-05 00:00:00;4,272912979;8,971459389;4,734336853;1,718261957;1,166835189;7,252812862
2024-07-08 00:00:00;4,275316715;8,93413353;4,764194489;1,716885686;1,175958157;7,203422546
2024-07-09 00:00:00;4,214755535;8,865078926;4,751132011;1,693027258;1,166835189;7,184425831
2024-07-10 00:00:00;4,32338047;9,01625061;4,848169804;1,718261957;1,192379475;7,165429592
2024-07-11 00:00:00;4,289735794;9,061043739;4,829509258;1,733402967;1,186905742;7,136934757
2024-07-12 00:00:00;4,334435463;9,13196373;4,872429371;1,749920249;1,186905742;7,313601017
2024-07-15 00:00:00;4,278681278;9,158092499;4,883626461;1,745332122;1,198765635;7,275608063
2024-07-16 00:00:00;4,268587112;9,03304863;4,941475868;1,736155868;1,200590253;7,437077522
2024-07-17 00:00:00;4,300790787;9,16182518;4,995593071;1,770108104;1,215187073;7,429478645
2024-07-18 00:00:00;4,314248085;9,283137321;5,066505432;1,790754914;1,235257745;7,779011726
2024-07-19 00:00:00;4,262819767;9,21968174;5,087032795;1,782954931;1,239819169;7,875893116
2024-07-22 00:00:00;4,355584145;9,410980225;5,143016815;1,832507014;1,253503799;7,836000919
2024-07-23 00:00:00;4,389709473;9,513628006;5,185936928;1,870129943;1,249854565;7,854997635
2024-07-24 00:00:00;4,522847176;9,424978256;5,163543701;1,855447888;1,241643786;7,813205242
2024-07-25 00:00:00;4,377693176;9,354990005;5,083300591;1,833883405;1,222485542;7,651735783
2024-07-26 00:00:00;4,354622841;9,364322662;5,053442478;1,829753995;1,216099381;7,661234379
2024-07-29 00:00:00;4,295022488;9,35965538;5,003057957;1,829753995;1,221573234;7,560554028
2024-07-30 00:00:00;4,337319374;9,494965553;5,060907364;1,848106623;1,158624291;7,541557312
2024-07-31 00:00:00;4,282526016;9,055443764;5,025451183;1,791213632;1,133079886;7,492166519
2024-08-01 00:00:00;4,092672348;8,594460487;4,83697319;1,690733075;1,099324703;7,243314266
2024-08-02 00:00:00;3,892244101;8,280916214;4,556122303;1,620534539;1,071955562;6,851989269
2024-08-05 00:00:00;3,830721855;8,11294651;4,456285477;1,571900129;1,034551144;6,757007122
2024-08-06 00:00:00;3,810534954;8,043891907;4,448821545;1,57878232;1,031814337;6,753208637
2024-08-07 00:00:00;3,911469698;8,26785183;4,612106323;1,632922411;1,060095549;6,908978462
2024-08-08 00:00:00;3,90762496;8,226792336;4,607440948;1,626499176;1,049147964;6,926074982
2024-08-09 00:00:00;3,940308332;8,303311348;4,621437073;1,633381367;1,05827105;6,918476105
2024-08-12 00:00:00;3,930695772;8,327573776;4,64569664;1,640722394;1,049147964;6,927974701
2024-08-13 00:00:00;3,953766346;8,370500565;4,702612877;1,643475294;1,061920285;6,979264736
2024-08-14 00:00:00;3,941269636;8,359302521;4,766060352;1,645310402;1,071043253;7,045752048
2024-08-15 00:00:00;4,060949802;8,568331718;4,932145119;1,695780158;1,092938542;7,237615585
2024-08-16 00:00:00;4,064314842;8,614990234;4,928412914;1,705873966;1,100237012;7,288905621
2024-08-19 00:00:00;4,119107246;8,771761894;4,986262321;1,752214432;1,105710864;7,419980526
2024-08-20 00:00:00;4,075849533;8,712038994;4,965735435;1,743955851;1,096587777;7,431378365
2024-08-21 00:00:00;4,090749741;8,734434128;4,967601299;1,746249795;1,10206151;7,456073761
2024-08-22 00:00:00;4,110936642;8,723237038;4,982530594;1,738908768;1,106623173;7,459873199
2024-08-23 00:00:00;4,18303299;8,809087753;5,01425457;1,760931849;1,110272288;7,507363796
2024-08-26 00:00:00;4,159482002;8,786692619;5,021718502;1,761849403;1,102973819;7,513062954
2024-08-27 00:00:00;4,264742374;8,833350182;5,081434727;1,771943331;1,113921523;7,611844063
2024-08-28 00:00:00;4,293100357;8,835217476;5,083300591;1,76368475;1,112096906;7,617543221
2024-08-29 00:00:00;4,314729214;8,876276016;5,042245865;1,760014296;1,112096906;7,551055431
2024-08-30 00:00:00;4,321938515;8,949063301;5,094497681;1,782954931;1,117570639;7,594747066
2024-09-02 00:00:00;4,303193569;8,913603783;5,072103977;1,786625504;1,113009214;7,653635979
2024-09-03 00:00:00;4,202258587;8,656048775;4,954538345;1,71367383;1,077429295;7,541557312
2024-09-04 00:00:00;4,185916901;8,441419601;4,934011459;1,682015657;1,070130944;7,532059193
2024-09-05 00:00:00;4,217638969;8,497410774;5,01425457;1,693027258;1,081078529;7,623241901
2024-09-06 00:00:00;4,126317501;8,316376686;4,962002754;1,658157349;1,054621816;7,535858631
2024-09-09 00:00:00;4,173900604;8,430223465;5,064639091;1,673756957;1,061920285;7,560554028
2024-09-10 00:00:00;4,082098007;8,325708389;5,027317524;1,657239676;1,046411037;7,522561073
2024-09-11 00:00:00;4,081617355;8,29957962;4,976932049;1,651733875;1,048235774;7,551055431
2024-09-12 00:00:00;4,159000874;8,461950302;5,107560158;1,678803921;1,059183359;7,621342182
2024-09-13 00:00:00;4,234942436;8,633653641;5,116890907;1,722391367;1,071043253;7,552955151
2024-09-16 00:00:00;4,268587112;8,698974609;5,066505432;1,735238194;1,050972581;7,532059193
2024-09-17 00:00:00;4,336358547;8,781093597;5,019852638;1,731108904;1,055534005;7,492166519
2024-09-18 00:00:00;4,333954811;8,8296175;5,031049252;1,739367485;1,061007977;7,492166519
2024-09-19 00:00:00;4,421912193;9,118899345;5,081434727;1,782037377;1,081078529;7,54725647
2024-09-20 00:00:00;4,382019043;9,089037895;5,144882202;1,784790277;1,070130944;7,492166519
2024-09-23 00:00:00;4,314729214;9,089037895;5,088898659;1,793507695;1,076516986;7,54725647
2024-09-24 00:00:00;4,377693176;9,07410717;5,062773705;1,777907968;1,070130944;7,520661354
2024-09-25 00:00:00;4,345490456;9,018116951;5,111292362;1,780202031;1,071043253;7,58714819
2024-09-26 00:00:00;4,456037998;9,288736343;5,279242992;1,844436169;1,09476316;7,727721214
2024-09-27 00:00:00;4,474783421;9,271938324;5,072103977;1,828667641;1,049147964;7,533958912
2024-09-30 00:00:00;4,422393322;9,059176445;5,00492382;1,824367285;1,044586539;7,530159473
2024-10-01 00:00:00;4,206584454;8,678445816;4,736203194;1,705386758;0,977988482;7,17112875
2024-10-02 00:00:00;4,254648685;8,635519028;4,766060352;1,709209323;0,97160238;7,184425831
2024-10-03 00:00:00;4,255610466;8,710172653;4,825776577;1,720677376;0,96521616;7,21102047
2024-10-04 00:00:00;4,306558132;8,913603783;4,947074413;1,765115857;0,979813039;7,313601017
2024-10-07 00:00:00;4,383460999;9,006919861;5,001191616;1,788529754;0,987111449;7,332597256
2024-10-08 00:00:00;4,385383129;8,958815575;4,995593071;1,778495193;0,986199141;7,20152235
2024-10-09 00:00:00;4,358948231;8,920332909;4,965735435;1,770372033;0,980725348;7,11413908
2024-10-10 00:00:00;4,359428406;8,879925728;4,943341732;1,760337591;0,97160238;7,167328835
2024-10-11 00:00:00;4,395477295;8,935726166;4,997458935;1,775150299;0,975251496;7,155931473
2024-10-14 00:00:00;4,427680016;9,043478012;5,122488499;1,80238688;0,989848316;7,268009663
2024-10-15 00:00:00;4,454596043;9,083885193;5,128087044;1,794263721;0,997146845;7,243314266
2024-10-16 00:00:00;4,431525707;8,935726166;5,073970318;1,771805525;0,998971403;7,176827431
2024-10-17 00:00:00;4,404128551;8,754857063;5,04784441;1,745046854;0,980725348;7,142633915
2024-10-18 00:00:00;4,460363865;8,937649727;5,169141769;1,786140561;0,989848316;7,237615585
2024-10-21 00:00:00;4,402686596;8,72984314;5,059041023;1,758426309;0,989848316;7,078046322
2024-10-22 00:00:00;4,436812401;8,79526329;5,098229408;1,773239017;0,996234417;7,135035038
2024-10-23 00:00:00;4,432487011;8,808732986;5,066505432;1,750303149;0,995322108;7,212920189
2024-10-24 00:00:00;4,386825562;8,687511444;4,969468117;1,725455761;0,983462214;6,996361732
2024-10-25 00:00:00;4,398361206;8,699055672;5,003057957;1,724977851;0,977988482;6,977365494
2024-10-28 00:00:00;4,453154564;8,714448929;5,075836182;1,72450006;0,987111449;7,013457775
2024-10-29 00:00:00;4,31905508;8,675966263;5,101961613;1,71589911;0,994409859;7,036253929
2024-10-30 00:00:00;4,3357687;8,749083519;5,150480747;1,738357186;1,01539278;7,070446968
2024-10-31 00:00:00;4,416388512;8,802959442;5,21579504;1,709209323;1,050972581;7,11413908
2024-11-01 00:00:00;4,533385754;9,058871269;5,310966492;1,771327734;1,077429295;7,269909382
2024-11-04 00:00:00;4,526994705;9,189713478;5,46212244;1,781362176;1,091113806;7,34589529
2024-11-05 00:00:00;4,55354023;9,241664886;5,537564754;1,790918827;1,111184597;7,46557188
2024-11-06 00:00:00;4,3357687;8,629787445;5,33268261;1,674805403;1,061920285;7,178726673
2024-11-07 00:00:00;4,443425655;8,987677574;5,374807835;1,713987708;1,088376999;7,28320694
2024-11-08 00:00:00;4,359856606;8,756780624;5,26949501;1,686751246;1,067394018;7,129336357
2024-11-11 00:00:00;4,450799465;8,777945518;5,330767632;1,693918824;1,075604796;7,11413908
2024-11-12 00:00:00;4,328395367;8,575910568;5,206306934;1,670027018;1,059183359;7,066648483
2024-11-13 00:00:00;4,329378128;8,541276932;5,267579556;1,666204453;1,057358742;6,992562294
2024-11-14 00:00:00;4,422287464;8,741387367;5,259920597;1,721633077;1,088376999;7,127437115
2024-11-15 00:00:00;4,499465942;9,020388603;5,369063377;1,761293292;1,124869108;7,309801579
2024-11-18 00:00:00;4,542233944;9,070416451;5,447569847;1,779450893;1,135816813;7,490267277
2024-11-19 00:00:00;4,470954418;8,974208832;5,160351753;1,744569063;1,113009214;7,245213509
2024-11-20 00:00:00;4,430152893;8,879925728;5,179499626;1,751736522;1,117570639;7,249013424
2024-11-21 00:00:00;4,451291084;8,903015137;5,231199265;1,762726665;1,127606034;7,336396694
2024-11-22 00:00:00;4,294476032;8,822201729;5,005254269;1,729278326;1,125781417;7,148332596
2024-11-25 00:00:00;4,361330986;8,901091576;4,882707596;1,752692223;1,129430652;7,277507782
2024-11-26 00:00:00;4,317580223;8,606697083;4,832922935;1,702997565;1,107535362;7,231916428
2024-11-27 00:00:00;4,301849842;8,460461617;4,871218681;1,685317755;1,091113806;7,260411263
2024-11-28 00:00:00;4,300374985;8,533579826;4,865474224;1,707775831;1,098412395;7,318717957
2024-11-29 00:00:00;4,301849842;8,597076416;4,926747799;1,706342459;1,111184597;7,401705742
2024-12-02 00:00:00;4,301849842;8,635559082;4,938236237;1,705864549;1,138553619;7,38985014
2024-12-03 00:00:00;4,364280701;8,802959442;4,995679855;1,737401485;1,159536719;7,543970108
2024-12-04 00:00:00;4,399674416;8,891469955;4,988020897;1,761771083;1,157711983;7,504452229
2024-12-05 00:00:00;4,601223946;9,26667881;5,168010712;1,839657784;1,198765635;7,702041626
2024-12-06 00:00:00;4,564846992;9,191637039;5,129714966;1,812899113;1,188730359;7,66449976
2024-12-09 00:00:00;4,573204041;9,218574524;5,14503336;1,825800776;1,201502562;7,5933671
2024-12-10 00:00:00;4,597782612;9,228196144;5,102908134;1,818155408;1,199678063;7,514331341
2024-12-11 00:00:00;4,559439182;9,147381783;4,97844696;1,794263721;1,18781805;7,466910362
2024-12-12 00:00:00;4,583527088;9,299389839;4,949725151;1,820544481;1,18781805;7,379970551
2024-12-13 00:00:00;4,60417366;9,33594799;4,972702503;1,834879518;1,18781805;7,405657291
2024-12-16 00:00:00;4,592867374;9,397520065;4,988020897;1,852081537;1,215187073;7,451102734
2024-12-17 00:00:00;4,384927273;9,158926964;4,873133659;1,799519897;1,173152328;7,231778622
2024-12-18 00:00:00;4,429661274;9,19740963;4,936321735;1,813377023;1,192259073;7,358235836
2024-12-19 00:00:00;4,324462414;9,018464088;4,938236237;1,784229159;1,198946357;7,417512417
2024-12-20 00:00:00;4,28316927;8,949194908;4,86930418;1,762726665;1,196080327;7,281175613
2024-12-23 00:00:00;4,258590221;8,947271347;4,901855469;1,746958137;1,204678416;7,320693493
2024-12-24 00:00:00;4,248267174;8,914560318;4,924832821;1,772761226;1,202767611;7,387874603
2024-12-27 00:00:00;4,314139366;9,030008316;4,945895672;1,783273578;1,20563364;7,409609318
2024-12-30 00:00:00;4,322495937;9,014616013;4,989935398;1,78470695;1,210410357;7,516307354